id,client_name
6,Aimbu
7,Babbleblab
29,Blogtags
24,Browseblab
34,Browsebug
2,Chatterpoint
28,Cogidoo
39,Dabtype
3,Devbug
30,Devify
11,Eamia
18,Edgepulse
50,Feedfish
48,Gigabox
37,Innojam
20,Jabbertype
43,Jabbertype2
46,Kamba
44,Katz
36,Kazio
19,Lazzy
40,Livefish
8,Livepath
27,Meeveo
25,Muxo
10,Oyoba
13,Photobug
23,Photobug2
49,Photobug3
32,Quire
47,Realfire
14,Reallinks
15,Rhycero
4,Rhyloo
5,Rooxo
26,Skaboo
42,Skinder
41,Skiptube
33,Tagchat
16,Tanoodle
31,Tazzy
17,Twinte
45,Twitterbridge
12,Twitternation
35,Twitternation2
22,Twitterworks
9,Wordware
38,Yakidoo
21,Yoveo
1,Yozio
