id,project_name,client_id
1,Meet Dave,26
2,Comrades,40
3,"Paimen, piika ja emäntä",8
4,It's Pat,41
5,Peter Pan,14
6,"Matrix Revolutions, The",40
7,Billabong Odyssey,5
8,9500 Liberty,17
9,"Cry, the Beloved Country",1
10,Evilenko,40
11,Me and the Colonel ,21
12,One Man Band,14
13,Blood and Sand,16
14,McLintock!,35
15,Eddie and the Cruisers II: Eddie Lives!,48
16,Geri's Game,39
17,My Brother Is an Only Child (Mio fratello è figlio unico),21
18,Hollow Man II,25
19,Princess Raccoon (Operetta tanuki goten),15
20,Jönssonligan & den svarta diamanten,5
21,Morphia (Morfiy),46
22,Miss Kicki,26
23,loudQUIETloud: A Film About the Pixies,11
24,Flesh & Blood,5
25,Hedgehog in the Fog,15
26,A Night at the Movies: The Horrors of Stephen King,20
27,"Defiant Ones, The",46
28,Stuck on You,7
29,Marina Abramovic: The Artist Is Present,19
30,In Fear,5
31,Snow Angels,50
32,Happy Accidents,18
33,"Leech Woman, The",50
34,Ride Along,15
35,Elaine Stritch: Shoot Me,19
36,"Hurricane, The",9
37,"Music of Chance, The",49
38,Cinderella,31
39,"Man Without a Past, The (Mies vailla menneisyyttä)",40
40,Café Lumière (Kôhî jikô),45
41,Meatballs,31
42,Bikini Summer II,50
43,The Land,44
44,"Man Who Sleeps, The (Un homme qui dort)",15
45,"Tales of Hoffmann, The",4
46,The Shadow of the Eagle,12
47,"Man, The",14
48,"Crow: City of Angels, The",6
49,Cheaper by the Dozen 2,30
50,"Friend Among Strangers, Stranger Among Friends (Svoy sredi chuzhikh, chuzhoy sredi svoikh)",43
51,Terror is a Man,14
52,Shadowzone,6
53,For Me and My Gal,48
54,Whitey: United States of America v. James J. Bulger,50
55,Legend of the Guardians: The Owls of Ga'Hoole,50
56,Singh Is Kinng,1
57,Love Hina Christmas Special: Silent Eve (Rabu Hina kurisumasu supesharu: Sairento ivu),45
58,Tag: The Assassination Game (a.k.a. Everybody Gets It in the End),2
59,Ingmar Bergman on Life and Work (Ingmar Bergman: Om liv och arbete),32
60,Ivan Vasilievich: Back to the Future (Ivan Vasilievich menyaet professiyu),33
61,Murder in Coweta County,8
62,"Silencers, The",12
63,Dust to Glory,38
64,"Reckoning, The",27
65,Everything or Nothing: The Untold Story of 007,1
66,Harry in Your Pocket,13
67,Tatsumi,7
68,Dr. Goldfoot and the Bikini Machine,45
69,The Monastery of Sendomir,48
70,Frances Ha,17
71,I Was Monty's Double,25
72,Georgy Girl,31
73,Stiff Upper Lips,10
74,I'm with Lucy,49
75,Flower & Garnet,41
76,Bells of Capistrano,21
77,"Man from Planet X, The",19
78,Hamlet,33
79,Desert Saints,45
80,Cat Run,41
81,Monga,16
82,Pearls of the Deep (Perlicky na dne),4
83,Conquest,5
84,"Boys: The Sherman Brothers' Story, The",15
85,Stage Fright,24
86,Phase 7,14
87,"Italian Job, The",43
88,The Five Man Army,6
89,Kinyarwanda,39
90,"Deer Hunter, The",9
91,"Day of the Locust, The",33
92,Guy,44
93,"Duchess of Langeais, The (a.k.a. Don't Touch the Axe) (Ne touchez pas la hache)",6
94,"Painted Veil, The",1
95,"Ring, The",32
96,"Tür, Die (Door, The)",12
97,"Tall Guy, The",47
98,Warren Oates: Across the Border,11
99,Offender,3
100,"On Guard (Bossu, Le)",9
101,"Light at the Edge of the World, The",30
102,Resurrection Man,36
103,Man for a Day,3
104,Hudson Hawk,18
105,"Spiders, Part 2: The Diamond Ship, The (Die Spinnen, 2. Teil - Das Brillantenschiff)",33
106,"Sisters, The",28
107,Beer,18
108,Men with Guns,21
109,"Smart Set, The",17
110,Disco and Atomic War (Disko ja tuumasõda),25
111,Dangerous Liaisons,26
112,Red,2
113,"Yacoubian Building, The (Omaret yakobean)",11
114,"Librarian: Quest for the Spear, The",43
115,Anna,10
116,The Beautiful Story,48
117,Russkies,28
118,Even Cowgirls Get the Blues,42
119,Rafa,40
120,"Guardian, The",7
121,"Housemaid, The (Hanyo)",4
122,In Cold Blood,16
123,Witches' Hammer (Kladivo na carodejnice) ,11
124,Private Property (Nue propriété),8
125,"Love God?, The",10
126,Beyond the Sea,30
127,From the Orient with Fury,8
128,Watch the Birdie,45
129,"House Is Black, The",49
130,How the Myth Was Made: A Study of Robert Flaherty's Man of Aran,23
131,Germany Pale Mother,31
132,Fara,38
133,Zero Hour!,25
134,Belle Starr,45
135,Two Rode Together,16
136,"Hell Without Limits (Lugar sin límites, El)",9
137,Miss Castaway and the Island Girls,46
138,Emmett's Mark,1
139,Barcelona,5
140,"Fog, The",4
141,Dead Man,4
142,Conspirators of Pleasure (Spiklenci slasti),27
143,Dragon Seed,30
144,Movie Days (Bíódagar),40
145,Panda! Go Panda! (Panda kopanda),29
146,Light of Day,48
147,Vincere,21
148,Haaveiden kehä,39
149,Dr Money and the Boy with No Penis,27
150,Going to Kansas City,24
151,The Siege of Firebase Gloria,38
152,Richard Pryor: Live in Concert,38
153,"Letter for the King, The (Brief voor de koning, De)",39
154,Poor Little Rich Girl,33
155,Ice Age 2: The Meltdown,43
156,Female Perversions,25
157,In the Realms of the Unreal,30
158,Material Girls,2
159,Constantine's Sword,19
160,The Sinners of Hell,1
161,Citizen Dog (Mah nakorn),27
162,A Magnificent Haunting,45
163,9to5: Days in Porn (a.k.a. 9 to 5: Days in Porn),33
164,Beyond the Lights,39
165,Superpower,23
166,"Kiss for Corliss, A (Almost a Bride)",31
167,K-911,39
168,Ruggles of Red Gap,8
169,Enter Arsene Lupin,7
170,Rabid,12
171,Buttcrack,5
172,Conspiracy,18
173,"Man from Laramie, The",39
174,Invaders from Mars,35
175,"Count Dracula (Nachts, wenn Dracula erwacht)",12
176,To Kill with Intrigue (Jian hua yan yu Jiang Nan),48
177,Snow Dogs,17
178,Under Siege 2: Dark Territory,29
179,There's Something Wrong with Aunt Diane,49
180,"Life of Reilly, The",23
181,Crimes of the Heart,1
182,Captain Kidd,7
183,"Blues Brothers, The",19
184,Rebecca,14
185,Pinocchio and the Emperor of the Night,35
186,Nadine,6
187,Montana,8
188,"Trotsky, The",29
189,Superman,46
190,"Sun Also Rises, The (Tai yang zhao chang sheng qi)",21
191,Chilly Scenes of Winter (Head Over Heels),45
192,The Man Who Loved Yngve,27
193,Thomas Pynchon: A Journey into the Mind of P.,10
194,Wonder Boys,48
195,Why Has Bodhi-Dharma Left for the East?: A Zen Fable (Dharmaga tongjoguro kan kkadalgun),9
196,Little Women,6
197,I Heart Huckabees,44
198,Hawk the Slayer,24
199,Nobody's Baby,27
200,In the Blood,31
